state,topic_0,topic_1,topic_2,topic_3,topic_4,topic_5,topic_6,topic_7,topic_8,topic_9,topic_10,topic_11,topic_12,topic_13,topic_14,topic_15,topic_16,topic_17,topic_18,topic_19,topic_20,topic_21,topic_22,topic_23,topic_24,topic_25,topic_26,topic_27,topic_28,topic_29,topic_30,topic_31,topic_32,topic_33,topic_34,topic_35,topic_36,topic_37,topic_38,topic_39,topic_40,topic_41,topic_42,topic_43,topic_44,topic_45,topic_46,topic_47,topic_48,topic_49,topic_50,topic_51,topic_52,topic_53,topic_54,topic_55,topic_56,topic_57,topic_58,topic_59,topic_60,topic_61,topic_62,topic_63,topic_64,topic_65,topic_66,topic_67,topic_68,topic_69,topic_70,topic_71,topic_72,topic_73,topic_74,topic_75,income,education
Alabama,0.0,0.0,0.0,0.0,0.03225806451612903,0.0,0.0,0.03225806451612903,0.03225806451612903,0.0,0.0,0.03225806451612903,0.0,0.0,0.0967741935483871,0.0,0.0,0.0967741935483871,0.0,0.0,0.0,0.0,0.03225806451612903,0.03225806451612903,0.03225806451612903,0.0,0.03225806451612903,0.0,0.0,0.0,0.03225806451612903,0.03225806451612903,0.06451612903225806,0.0,0.0,0.06451612903225806,0.06451612903225806,0.03225806451612903,0.03225806451612903,0.0,0.0967741935483871,0.0,0.03225806451612903,0.0,0.0,0.0,0.0,0.0,0.0,0.0,0.0,0.0,0.0,0.0,0.0,0.0,0.06451612903225806,0.0,0.0,0.0,0.0,0.0,0.0,0.0,0.0,0.03225806451612903,0.0,0.0,0.0,0.0,0.0,0.0,0.0,0.0,0.0,0.0,66659.0,29.9
Arizona,0.015025041736227046,0.0,0.04006677796327212,0.01335559265442404,0.07512520868113523,0.0,0.02671118530884808,0.00333889816360601,0.03672787979966611,0.005008347245409015,0.00333889816360601,0.001669449081803005,0.021702838063439065,0.05509181969949917,0.035058430717863104,0.00333889816360601,0.02003338898163606,0.001669449081803005,0.00333889816360601,0.015025041736227046,0.02337228714524207,0.01669449081803005,0.00667779632721202,0.03171953255425709,0.018363939899833055,0.005008347245409015,0.07846410684474124,0.001669449081803005,0.001669449081803005,0.0,0.02003338898163606,0.03005008347245409,0.01001669449081803,0.00667779632721202,0.00667779632721202,0.001669449081803005,0.0,0.011686143572621035,0.00667779632721202,0.00667779632721202,0.00333889816360601,0.03672787979966611,0.001669449081803005,0.0,0.01001669449081803,0.005008347245409015,0.001669449081803005,0.015025041736227046,0.028380634390651086,0.00333889816360601,0.0,0.001669449081803005,0.0,0.00667779632721202,0.02003338898163606,0.0,0.00333889816360601,0.01001669449081803,0.008347245409015025,0.0,0.008347245409015025,0.0,0.001669449081803005,0.0,0.00667779632721202,0.001669449081803005,0.14524207011686144,0.001669449081803005,0.0,0.011686143572621035,0.001669449081803005,0.001669449081803005,0.00333889816360601,0.0,0.001669449081803005,0.0,81486.0,34.7
Arkansas,0.01680672268907563,0.0,0.04201680672268908,0.008403361344537815,0.01680672268907563,0.06722689075630252,0.03361344537815126,0.0,0.025210084033613446,0.0,0.21008403361344538,0.04201680672268908,0.05042016806722689,0.008403361344537815,0.01680672268907563,0.008403361344537815,0.0,0.0,0.04201680672268908,0.01680672268907563,0.025210084033613446,0.025210084033613446,0.008403361344537815,0.0,0.008403361344537815,0.0,0.0,0.0,0.0,0.0,0.025210084033613446,0.025210084033613446,0.03361344537815126,0.0,0.04201680672268908,0.01680672268907563,0.0,0.01680672268907563,0.025210084033613446,0.008403361344537815,0.01680672268907563,0.008403361344537815,0.0,0.008403361344537815,0.008403361344537815,0.008403361344537815,0.0,0.008403361344537815,0.0,0.008403361344537815,0.0,0.0,0.0,0.0,0.0,0.0,0.0,0.0,0.0,0.0,0.0,0.0,0.008403361344537815,0.0,0.03361344537815126,0.0,0.0,0.0,0.008403361344537815,0.008403361344537815,0.008403361344537815,0.0,0.0,0.0,0.0,0.0,62106.0,27.1
California,0.005943284088979453,0.001358464934623875,0.06452708439463406,0.01901850908473425,0.16267617592120903,0.0037357785702156563,0.023433520122261846,0.001358464934623875,0.026659874341993548,0.0025471217524197657,0.016131771098658515,0.0015282730514518594,0.049923586347427405,0.0039055866870436407,0.015961962981830533,0.07080998471726949,0.029716420444897265,0.006113092205807438,0.0016980811682798438,0.014433689930378673,0.012226184411614875,0.010188487009679063,0.012056376294786892,0.01273560876209883,0.0163015792154865,0.042961453557480045,0.015282730514518594,0.0005094243504839531,0.0489047376464595,0.00271692986924775,0.013414841229410767,0.013754457463066735,0.011037527593818985,0.011716760061130923,0.00967906265919511,0.010867719476991,0.004415011037527594,0.006792324673119375,0.01511292239769061,0.007131940906775344,0.009339446425539142,0.006113092205807438,0.0033961623365596876,0.00033961623365596876,0.00033961623365596876,0.006792324673119375,0.0015282730514518594,0.0025471217524197657,0.006622516556291391,0.0033961623365596876,0.0042452029206996094,0.019867549668874173,0.0,0.003226354219731703,0.0016980811682798438,0.027678723042961453,0.003056546102903719,0.0005094243504839531,0.007301749023603328,0.00033961623365596876,0.015792154865002548,0.0,0.020716590253014096,0.00033961623365596876,0.005094243504839531,0.0020376974019358125,0.006282900322635422,0.0023773136355917813,0.0023773136355917813,0.005264051621667516,0.007641365257259297,0.0,0.011377143827474954,0.0,0.013075224995754798,0.0,100149.0,38.1
Colorado,0.00819672131147541,0.0,0.028688524590163935,0.01639344262295082,0.00819672131147541,0.0,0.004098360655737705,0.0,0.07377049180327869,0.00819672131147541,0.00819672131147541,0.004098360655737705,0.036885245901639344,0.19672131147540983,0.02459016393442623,0.00819672131147541,0.01639344262295082,0.00819672131147541,0.0,0.004098360655737705,0.004098360655737705,0.045081967213114756,0.040983606557377046,0.012295081967213115,0.06967213114754098,0.0,0.004098360655737705,0.0,0.0,0.0,0.020491803278688523,0.01639344262295082,0.02459016393442623,0.0,0.00819672131147541,0.00819672131147541,0.012295081967213115,0.03278688524590164,0.020491803278688523,0.004098360655737705,0.00819672131147541,0.0,0.0,0.0,0.0,0.004098360655737705,0.0,0.1598360655737705,0.004098360655737705,0.004098360655737705,0.0,0.004098360655737705,0.0,0.0,0.0,0.0,0.004098360655737705,0.0,0.0,0.0,0.0,0.0,0.0,0.0,0.0,0.012295081967213115,0.0,0.0,0.004098360655737705,0.012295081967213115,0.0,0.004098360655737705,0.0,0.0,0.0,0.0,97113.0,47.8
Connecticut,0.007222586999343401,0.000984898227183191,0.48391332895600786,0.1792514773473408,0.0006565988181221273,0.004596191726854892,0.02133946158896914,0.001969796454366382,0.0016414970453053185,0.0013131976362442547,0.0016414970453053185,0.0,0.007879185817465528,0.003939592908732764,0.01247537754432042,0.0036112934996717005,0.0,0.11063690085357847,0.000984898227183191,0.006565988181221274,0.005252790544977019,0.0016414970453053185,0.00032829940906106366,0.003282994090610637,0.0016414970453053185,0.00032829940906106366,0.00032829940906106366,0.000984898227183191,0.0013131976362442547,0.00032829940906106366,0.000984898227183191,0.0026263952724885093,0.001969796454366382,0.0016414970453053185,0.003282994090610637,0.0006565988181221273,0.020026263952724884,0.0,0.002954694681549573,0.001969796454366382,0.0036112934996717005,0.002954694681549573,0.00032829940906106366,0.0,0.0,0.004267892317793828,0.0006565988181221273,0.00032829940906106366,0.0026263952724885093,0.010505581089954037,0.03479973736047275,0.0,0.0,0.0013131976362442547,0.0,0.0,0.00032829940906106366,0.0,0.0006565988181221273,0.00032829940906106366,0.0,0.001969796454366382,0.0,0.000984898227183191,0.00032829940906106366,0.020026263952724884,0.0006565988181221273,0.0,0.007879185817465528,0.0,0.002954694681549573,0.0,0.0,0.0,0.0,0.00032829940906106366,96049.0,42.6
District of Columbia,0.01639344262295082,0.0,0.01639344262295082,0.06557377049180328,0.03278688524590164,0.0,0.11475409836065574,0.0,0.01639344262295082,0.0,0.04918032786885246,0.0,0.03278688524590164,0.0,0.04918032786885246,0.01639344262295082,0.03278688524590164,0.03278688524590164,0.01639344262295082,0.03278688524590164,0.03278688524590164,0.0,0.01639344262295082,0.03278688524590164,0.0,0.01639344262295082,0.0,0.0,0.0,0.0,0.03278688524590164,0.03278688524590164,0.04918032786885246,0.01639344262295082,0.0,0.03278688524590164,0.01639344262295082,0.03278688524590164,0.0,0.0,0.0,0.0,0.0,0.01639344262295082,0.0,0.0,0.0,0.0,0.01639344262295082,0.0,0.0,0.01639344262295082,0.0,0.01639344262295082,0.01639344262295082,0.0,0.0,0.0,0.01639344262295082,0.0,0.03278688524590164,0.0,0.01639344262295082,0.0,0.0,0.0,0.0,0.0,0.0,0.01639344262295082,0.0,0.0,0.0,0.0,0.0,0.0,109707.0,65.5
Florida,0.006740196078431373,0.0024509803921568627,0.0196078431372549,0.020833333333333332,0.010416666666666666,0.00428921568627451,0.01715686274509804,0.001838235294117647,0.032475490196078434,0.5104166666666666,0.003676470588235294,0.0024509803921568627,0.00428921568627451,0.001838235294117647,0.04105392156862745,0.0055147058823529415,0.006127450980392157,0.006740196078431373,0.0,0.00980392156862745,0.007965686274509803,0.030637254901960783,0.00980392156862745,0.00980392156862745,0.006127450980392157,0.001838235294117647,0.04963235294117647,0.0006127450980392157,0.0006127450980392157,0.0006127450980392157,0.014093137254901961,0.011029411764705883,0.00980392156862745,0.00857843137254902,0.003676470588235294,0.011642156862745098,0.007352941176470588,0.009191176470588236,0.006127450980392157,0.011029411764705883,0.006127450980392157,0.007965686274509803,0.006127450980392157,0.0,0.0006127450980392157,0.0030637254901960784,0.0006127450980392157,0.0024509803921568627,0.006127450980392157,0.0030637254901960784,0.0,0.0,0.0,0.0030637254901960784,0.0012254901960784314,0.0,0.001838235294117647,0.0006127450980392157,0.006740196078431373,0.0,0.0,0.0,0.0006127450980392157,0.0006127450980392157,0.003676470588235294,0.004901960784313725,0.0006127450980392157,0.0030637254901960784,0.0024509803921568627,0.010416666666666666,0.001838235294117647,0.0,0.003676470588235294,0.0006127450980392157,0.0,0.0,77735.0,35.8
Georgia,0.003050640634533252,0.009762050030506406,0.011592434411226357,0.012202562538133009,0.010372178157413058,0.0036607687614399025,0.007321537522879805,0.0006101281269066504,0.03599755948749237,0.0018303843807199512,0.0036607687614399025,0.4069554606467358,0.0018303843807199512,0.006711409395973154,0.013422818791946308,0.007931665649786455,0.003050640634533252,0.004270896888346553,0.3087248322147651,0.004270896888346553,0.007321537522879805,0.003050640634533252,0.008541793776693106,0.006101281269066504,0.007321537522879805,0.0018303843807199512,0.0,0.0006101281269066504,0.0012202562538133007,0.0012202562538133007,0.009762050030506406,0.004270896888346553,0.005491153142159854,0.007931665649786455,0.0036607687614399025,0.007931665649786455,0.0012202562538133007,0.006101281269066504,0.0006101281269066504,0.007321537522879805,0.004270896888346553,0.0012202562538133007,0.0012202562538133007,0.0,0.0,0.0024405125076266015,0.0006101281269066504,0.004270896888346553,0.0024405125076266015,0.0006101281269066504,0.0006101281269066504,0.0,0.0,0.0018303843807199512,0.0006101281269066504,0.0,0.011592434411226357,0.0,0.004881025015253203,0.0,0.0012202562538133007,0.0,0.0,0.0,0.003050640634533252,0.0006101281269066504,0.0012202562538133007,0.0024405125076266015,0.0006101281269066504,0.0012202562538133007,0.0006101281269066504,0.0012202562538133007,0.0018303843807199512,0.0006101281269066504,0.0,0.0,79991.0,36.3
Illinois,0.011990407673860911,0.0,0.0539568345323741,0.03836930455635491,0.045563549160671464,0.009592326139088728,0.03717026378896882,0.0035971223021582736,0.10671462829736211,0.0035971223021582736,0.050359712230215826,0.002398081534772182,0.025179856115107913,0.009592326139088728,0.02158273381294964,0.002398081534772182,0.016786570743405275,0.009592326139088728,0.001199040767386091,0.015587529976019185,0.015587529976019185,0.015587529976019185,0.023980815347721823,0.017985611510791366,0.02038369304556355,0.050359712230215826,0.001199040767386091,0.001199040767386091,0.0,0.001199040767386091,0.023980815347721823,0.03237410071942446,0.022781774580335732,0.013189448441247002,0.02158273381294964,0.015587529976019185,0.013189448441247002,0.02038369304556355,0.014388489208633094,0.004796163069544364,0.01079136690647482,0.002398081534772182,0.001199040767386091,0.0,0.0,0.008393285371702638,0.001199040767386091,0.009592326139088728,0.013189448441247002,0.009592326139088728,0.001199040767386091,0.03237410071942446,0.0,0.009592326139088728,0.0,0.001199040767386091,0.008393285371702638,0.001199040767386091,0.005995203836930456,0.027577937649880094,0.011990407673860911,0.0,0.001199040767386091,0.0,0.008393285371702638,0.011990407673860911,0.0,0.001199040767386091,0.0035971223021582736,0.004796163069544364,0.0,0.0,0.015587529976019185,0.0,0.002398081534772182,0.0,83211.0,39.2
Indiana,0.03968253968253968,0.0,0.0873015873015873,0.031746031746031744,0.0,0.0,0.07936507936507936,0.0,0.06349206349206349,0.0,0.015873015873015872,0.007936507936507936,0.007936507936507936,0.0,0.007936507936507936,0.031746031746031744,0.015873015873015872,0.047619047619047616,0.007936507936507936,0.0,0.007936507936507936,0.0,0.023809523809523808,0.03968253968253968,0.07936507936507936,0.0,0.0,0.0,0.007936507936507936,0.0,0.023809523809523808,0.031746031746031744,0.023809523809523808,0.0,0.023809523809523808,0.031746031746031744,0.0,0.007936507936507936,0.03968253968253968,0.007936507936507936,0.07142857142857142,0.023809523809523808,0.0,0.0,0.0,0.015873015873015872,0.0,0.031746031746031744,0.007936507936507936,0.0,0.0,0.0,0.0,0.015873015873015872,0.0,0.0,0.0,0.0,0.0,0.0,0.0,0.0,0.0,0.0,0.023809523809523808,0.0,0.007936507936507936,0.0,0.0,0.0,0.007936507936507936,0.0,0.0,0.0,0.0,0.0,71959.0,30.7
Iowa,0.0,0.0,0.011363636363636364,0.0,0.022727272727272728,0.011363636363636364,0.3522727272727273,0.0,0.045454545454545456,0.0,0.0,0.0,0.09090909090909091,0.0,0.03409090909090909,0.011363636363636364,0.011363636363636364,0.0,0.0,0.0,0.011363636363636364,0.0,0.011363636363636364,0.011363636363636364,0.0,0.022727272727272728,0.011363636363636364,0.0,0.0,0.0,0.022727272727272728,0.011363636363636364,0.09090909090909091,0.011363636363636364,0.03409090909090909,0.022727272727272728,0.0,0.022727272727272728,0.0,0.0,0.022727272727272728,0.0,0.0,0.0,0.0,0.011363636363636364,0.0,0.0,0.056818181818181816,0.011363636363636364,0.0,0.0,0.0,0.0,0.0,0.0,0.0,0.0,0.0,0.0,0.0,0.0,0.0,0.0,0.011363636363636364,0.0,0.0,0.0,0.011363636363636364,0.0,0.0,0.0,0.0,0.0,0.0,0.0,75501.0,32.1
Kansas,0.0,0.0,0.08333333333333333,0.08333333333333333,0.041666666666666664,0.013888888888888888,0.027777777777777776,0.013888888888888888,0.013888888888888888,0.0,0.0,0.0,0.0,0.0,0.0,0.0,0.0,0.027777777777777776,0.0,0.027777777777777776,0.0,0.041666666666666664,0.013888888888888888,0.0,0.027777777777777776,0.0,0.0,0.0,0.0,0.0,0.027777777777777776,0.041666666666666664,0.041666666666666664,0.027777777777777776,0.0,0.041666666666666664,0.09722222222222222,0.041666666666666664,0.013888888888888888,0.06944444444444445,0.013888888888888888,0.0,0.0,0.0,0.0,0.013888888888888888,0.0,0.013888888888888888,0.0,0.0,0.0,0.0,0.0,0.013888888888888888,0.0,0.0,0.041666666666666664,0.0,0.0,0.0,0.013888888888888888,0.0,0.0,0.0,0.013888888888888888,0.013888888888888888,0.0,0.0,0.013888888888888888,0.0,0.027777777777777776,0.0,0.0,0.0,0.0,0.0,75514.0,36.0
Kentucky,0.0,0.0,0.0,0.06976744186046512,0.0,0.023255813953488372,0.13953488372093023,0.0,0.046511627906976744,0.0,0.0,0.0,0.0,0.0,0.0,0.0,0.0,0.0,0.0,0.06976744186046512,0.0,0.023255813953488372,0.0,0.023255813953488372,0.0,0.0,0.0,0.0,0.0,0.0,0.06976744186046512,0.023255813953488372,0.09302325581395349,0.023255813953488372,0.06976744186046512,0.046511627906976744,0.0,0.11627906976744186,0.0,0.023255813953488372,0.0,0.0,0.0,0.0,0.0,0.0,0.0,0.0,0.0,0.023255813953488372,0.0,0.0,0.046511627906976744,0.0,0.0,0.0,0.023255813953488372,0.0,0.023255813953488372,0.0,0.0,0.0,0.0,0.0,0.023255813953488372,0.0,0.0,0.0,0.0,0.0,0.0,0.0,0.0,0.0,0.0,0.0,64526.0,27.9
Louisiana,0.011627906976744186,0.0,0.011627906976744186,0.011627906976744186,0.03488372093023256,0.011627906976744186,0.06976744186046512,0.0,0.03488372093023256,0.011627906976744186,0.23255813953488372,0.0,0.0,0.011627906976744186,0.03488372093023256,0.0,0.023255813953488372,0.0,0.0,0.12790697674418605,0.0,0.011627906976744186,0.0,0.0,0.0,0.0,0.0,0.0,0.0,0.0,0.023255813953488372,0.023255813953488372,0.023255813953488372,0.011627906976744186,0.011627906976744186,0.05813953488372093,0.0,0.023255813953488372,0.0,0.0,0.011627906976744186,0.0,0.0,0.0,0.0,0.011627906976744186,0.0,0.0,0.0,0.0,0.0,0.0,0.0,0.0,0.0,0.0,0.023255813953488372,0.0,0.0,0.0,0.0,0.0,0.0,0.0,0.023255813953488372,0.0,0.0,0.0,0.011627906976744186,0.10465116279069768,0.0,0.0,0.0,0.0,0.0,0.0,60986.0,27.8
Maryland,0.01,0.0,0.025,0.035,0.015,0.01,0.015,0.0,0.04,0.0,0.005,0.005,0.02,0.025,0.015,0.005,0.01,0.005,0.0,0.08,0.005,0.015,0.03,0.02,0.225,0.0,0.005,0.0,0.0,0.0,0.03,0.015,0.03,0.01,0.02,0.03,0.0,0.065,0.015,0.015,0.03,0.0,0.005,0.0,0.0,0.015,0.0,0.005,0.0,0.0,0.005,0.0,0.0,0.015,0.03,0.0,0.0,0.0,0.01,0.0,0.0,0.0,0.0,0.005,0.02,0.0,0.0,0.0,0.005,0.0,0.005,0.0,0.0,0.0,0.0,0.0,102905.0,44.7
Massachusetts,0.017555705604321403,0.0006752194463200541,0.008777852802160702,0.004726536124240378,0.007427413909520594,0.0006752194463200541,0.01012829169480081,0.7386900742741391,0.010803511141120865,0.0006752194463200541,0.00675219446320054,0.00337609723160027,0.007427413909520594,0.004726536124240378,0.012153950033760972,0.004051316677920324,0.012829169480081027,0.0013504388926401081,0.002025658338960162,0.0027008777852802163,0.004726536124240378,0.00337609723160027,0.012153950033760972,0.014854827819041188,0.004726536124240378,0.0006752194463200541,0.017555705604321403,0.0,0.0,0.0,0.0027008777852802163,0.00675219446320054,0.01012829169480081,0.0013504388926401081,0.0027008777852802163,0.0,0.004726536124240378,0.0027008777852802163,0.004051316677920324,0.0054017555705604325,0.0006752194463200541,0.0006752194463200541,0.002025658338960162,0.0006752194463200541,0.0,0.0006752194463200541,0.0,0.002025658338960162,0.004726536124240378,0.002025658338960162,0.0,0.0,0.0,0.0,0.0006752194463200541,0.0,0.008102633355840648,0.0,0.0013504388926401081,0.0,0.0,0.0,0.0013504388926401081,0.0006752194463200541,0.0013504388926401081,0.0,0.0,0.0006752194463200541,0.012153950033760972,0.0,0.0027008777852802163,0.0,0.0006752194463200541,0.0,0.0006752194463200541,0.0,104828.0,48.3
Michigan,0.0021937842778793418,0.5007312614259598,0.00036563071297989033,0.002559414990859232,0.00018281535648994517,0.2603290676416819,0.01590493601462523,0.00018281535648994517,0.0014625228519195613,0.0,0.0005484460694698354,0.00036563071297989033,0.0009140767824497258,0.00036563071297989033,0.002742230347349177,0.00018281535648994517,0.0021937842778793418,0.00036563071297989033,0.0,0.0,0.00036563071297989033,0.0016453382084095063,0.0014625228519195613,0.0007312614259597807,0.0009140767824497258,0.0,0.00036563071297989033,0.07166361974405851,0.0007312614259597807,0.00018281535648994517,0.001279707495429616,0.0009140767824497258,0.0010968921389396709,0.0005484460694698354,0.0018281535648994515,0.0005484460694698354,0.00036563071297989033,0.0005484460694698354,0.0010968921389396709,0.0009140767824497258,0.0020109689213893968,0.0010968921389396709,0.0,0.0,0.0,0.0,0.00018281535648994517,0.0,0.0,0.00018281535648994517,0.0,0.0,0.03308957952468007,0.00036563071297989033,0.0,0.0,0.0018281535648994515,0.02413162705667276,0.00018281535648994517,0.0010968921389396709,0.0,0.0,0.0,0.0,0.00036563071297989033,0.00018281535648994517,0.0,0.0,0.00018281535648994517,0.00036563071297989033,0.0,0.01809872029250457,0.0,0.01992687385740402,0.0,0.017915904936014627,72389.0,33.3
Minnesota,0.009708737864077669,0.0,0.04854368932038835,0.02912621359223301,0.009708737864077669,0.0,0.08737864077669903,0.009708737864077669,0.04854368932038835,0.009708737864077669,0.009708737864077669,0.038834951456310676,0.019417475728155338,0.009708737864077669,0.019417475728155338,0.0,0.0,0.038834951456310676,0.009708737864077669,0.08737864077669903,0.009708737864077669,0.038834951456310676,0.019417475728155338,0.009708737864077669,0.0,0.0,0.0,0.0,0.009708737864077669,0.0,0.019417475728155338,0.019417475728155338,0.019417475728155338,0.0,0.02912621359223301,0.05825242718446602,0.009708737864077669,0.0,0.0,0.009708737864077669,0.009708737864077669,0.07766990291262135,0.0,0.0,0.0,0.02912621359223301,0.0,0.009708737864077669,0.0,0.009708737864077669,0.0,0.0,0.0,0.02912621359223301,0.0,0.0,0.0,0.0,0.0,0.0,0.0,0.0,0.0,0.0,0.0,0.0,0.0,0.02912621359223301,0.009708737864077669,0.05825242718446602,0.0,0.0,0.0,0.0,0.0,0.0,87117.0,40.0
Missouri,0.011570247933884297,0.0,0.026446280991735537,0.10413223140495868,0.009917355371900827,0.0,0.09090909090909091,0.003305785123966942,0.019834710743801654,0.0049586776859504135,0.01487603305785124,0.001652892561983471,0.09752066115702479,0.0,0.026446280991735537,0.009917355371900827,0.10578512396694215,0.001652892561983471,0.008264462809917356,0.05950413223140496,0.02975206611570248,0.0049586776859504135,0.03636363636363636,0.009917355371900827,0.02975206611570248,0.001652892561983471,0.001652892561983471,0.0,0.006611570247933884,0.0049586776859504135,0.024793388429752067,0.011570247933884297,0.011570247933884297,0.02975206611570248,0.02809917355371901,0.008264462809917356,0.006611570247933884,0.009917355371900827,0.024793388429752067,0.01487603305785124,0.0049586776859504135,0.001652892561983471,0.001652892561983471,0.0,0.001652892561983471,0.0049586776859504135,0.001652892561983471,0.003305785123966942,0.008264462809917356,0.0049586776859504135,0.006611570247933884,0.001652892561983471,0.0,0.008264462809917356,0.0,0.0,0.01487603305785124,0.0,0.008264462809917356,0.0,0.0,0.0,0.001652892561983471,0.0,0.003305785123966942,0.0,0.0,0.023140495867768594,0.0,0.003305785123966942,0.001652892561983471,0.001652892561983471,0.0,0.0,0.0,0.0,71589.0,33.5
Nebraska,0.02631578947368421,0.008771929824561403,0.008771929824561403,0.21929824561403508,0.0,0.0,0.008771929824561403,0.008771929824561403,0.043859649122807015,0.0,0.0,0.0,0.008771929824561403,0.008771929824561403,0.2631578947368421,0.06140350877192982,0.0,0.008771929824561403,0.0,0.02631578947368421,0.02631578947368421,0.017543859649122806,0.008771929824561403,0.008771929824561403,0.008771929824561403,0.0,0.0,0.0,0.0,0.0,0.008771929824561403,0.0,0.008771929824561403,0.05263157894736842,0.03508771929824561,0.017543859649122806,0.0,0.017543859649122806,0.017543859649122806,0.008771929824561403,0.008771929824561403,0.008771929824561403,0.0,0.0,0.0,0.0,0.0,0.0,0.0,0.0,0.0,0.0,0.0,0.0,0.0,0.0,0.0,0.0,0.017543859649122806,0.0,0.0,0.0,0.0,0.0,0.008771929824561403,0.008771929824561403,0.0,0.0,0.008771929824561403,0.0,0.0,0.0,0.0,0.0,0.0,0.0,76376.0,35.4
Nevada,0.014970059880239521,0.005988023952095809,0.03592814371257485,0.09580838323353294,0.0688622754491018,0.0,0.23053892215568864,0.0,0.03293413173652695,0.005988023952095809,0.011976047904191617,0.0,0.059880239520958084,0.0029940119760479044,0.03592814371257485,0.008982035928143712,0.014970059880239521,0.017964071856287425,0.008982035928143712,0.03293413173652695,0.005988023952095809,0.011976047904191617,0.005988023952095809,0.0029940119760479044,0.038922155688622756,0.03293413173652695,0.0,0.0,0.0,0.0,0.017964071856287425,0.008982035928143712,0.005988023952095809,0.03592814371257485,0.014970059880239521,0.008982035928143712,0.0029940119760479044,0.0029940119760479044,0.0029940119760479044,0.005988023952095809,0.0029940119760479044,0.008982035928143712,0.008982035928143712,0.0,0.0,0.0,0.0,0.005988023952095809,0.0029940119760479044,0.0,0.005988023952095809,0.017964071856287425,0.0,0.0,0.0,0.0,0.017964071856287425,0.0,0.008982035928143712,0.0,0.0,0.0,0.0,0.0,0.005988023952095809,0.0029940119760479044,0.0,0.008982035928143712,0.0,0.0,0.0,0.0,0.008982035928143712,0.0,0.0,0.0,81134.0,28.5
New Jersey,0.0063371356147021544,0.005069708491761723,0.032953105196451206,0.13814955640050697,0.058301647655259824,0.0012674271229404308,0.026615969581749048,0.0,0.02788339670468948,0.0038022813688212928,0.0063371356147021544,0.0,0.0012674271229404308,0.021546261089987327,0.020278833967046894,0.0076045627376425855,0.030418250950570342,0.0012674271229404308,0.0,0.010139416983523447,0.011406844106463879,0.016476552598225603,0.029150823827629912,0.0076045627376425855,0.022813688212927757,0.010139416983523447,0.11913814955640051,0.0,0.0,0.0025348542458808617,0.016476552598225603,0.026615969581749048,0.025348542458808618,0.005069708491761723,0.022813688212927757,0.016476552598225603,0.0025348542458808617,0.010139416983523447,0.0038022813688212928,0.0038022813688212928,0.0063371356147021544,0.0697084917617237,0.005069708491761723,0.0012674271229404308,0.0012674271229404308,0.008871989860583017,0.0025348542458808617,0.060836501901140684,0.011406844106463879,0.011406844106463879,0.0012674271229404308,0.005069708491761723,0.0,0.0025348542458808617,0.0,0.0,0.0012674271229404308,0.0,0.0038022813688212928,0.0,0.0025348542458808617,0.0,0.0012674271229404308,0.034220532319391636,0.0025348542458808617,0.0012674271229404308,0.0,0.0063371356147021544,0.0012674271229404308,0.0025348542458808617,0.0038022813688212928,0.0,0.0,0.0,0.0,0.0,104294.0,44.5
New York,0.014181818181818183,0.0018181818181818182,0.03854545454545454,0.02909090909090909,0.015636363636363636,0.001090909090909091,0.026545454545454546,0.0025454545454545456,0.025818181818181817,0.0025454545454545456,0.029454545454545455,0.0025454545454545456,0.008,0.1461818181818182,0.013818181818181818,0.0032727272727272726,0.02909090909090909,0.012,0.0003636363636363636,0.02509090909090909,0.010545454545454545,0.07054545454545455,0.012,0.02109090909090909,0.01309090909090909,0.0025454545454545456,0.004,0.0003636363636363636,0.004363636363636364,0.12290909090909091,0.015636363636363636,0.012,0.013818181818181818,0.00909090909090909,0.008727272727272728,0.008,0.002909090909090909,0.009454545454545455,0.005090909090909091,0.004,0.004363636363636364,0.002909090909090909,0.056363636363636366,0.0,0.0007272727272727272,0.008727272727272728,0.002181818181818182,0.004,0.0018181818181818182,0.005454545454545455,0.0014545454545454545,0.001090909090909091,0.0,0.0047272727272727275,0.0007272727272727272,0.0,0.0036363636363636364,0.0003636363636363636,0.0047272727272727275,0.0025454545454545456,0.0003636363636363636,0.04909090909090909,0.0003636363636363636,0.03781818181818182,0.0025454545454545456,0.0025454545454545456,0.0,0.009818181818181818,0.002181818181818182,0.0047272727272727275,0.005090909090909091,0.0003636363636363636,0.0007272727272727272,0.0,0.0007272727272727272,0.0,85820.0,41.2
North Carolina,0.0045662100456621,0.010273972602739725,0.02511415525114155,0.0821917808219178,0.005707762557077625,0.003424657534246575,0.07648401826484018,0.0045662100456621,0.09360730593607305,0.0045662100456621,0.017123287671232876,0.00684931506849315,0.0273972602739726,0.0091324200913242,0.03767123287671233,0.01141552511415525,0.0045662100456621,0.0136986301369863,0.001141552511415525,0.0365296803652968,0.017123287671232876,0.005707762557077625,0.010273972602739725,0.030821917808219176,0.00228310502283105,0.001141552511415525,0.0045662100456621,0.0,0.00684931506849315,0.003424657534246575,0.017123287671232876,0.0228310502283105,0.0091324200913242,0.01141552511415525,0.01141552511415525,0.0045662100456621,0.003424657534246575,0.0136986301369863,0.007990867579908675,0.003424657534246575,0.02054794520547945,0.0136986301369863,0.00228310502283105,0.0,0.00228310502283105,0.0045662100456621,0.1815068493150685,0.003424657534246575,0.005707762557077625,0.00684931506849315,0.003424657534246575,0.0,0.0,0.06164383561643835,0.00228310502283105,0.0,0.00684931506849315,0.001141552511415525,0.003424657534246575,0.001141552511415525,0.0,0.0,0.001141552511415525,0.0,0.001141552511415525,0.001141552511415525,0.0,0.005707762557077625,0.0045662100456621,0.001141552511415525,0.001141552511415525,0.0,0.0,0.0,0.0,0.0,73958.0,37.1
Ohio,0.012195121951219513,0.0022172949002217295,0.03991130820399113,0.017738359201773836,0.0066518847006651885,0.0066518847006651885,0.05543237250554324,0.0022172949002217295,0.02106430155210643,0.0033259423503325942,0.008869179600886918,0.004434589800443459,0.013303769401330377,0.004434589800443459,0.013303769401330377,0.028824833702882482,0.09534368070953436,0.008869179600886918,0.005543237250554324,0.009977827050997782,0.01662971175166297,0.014412416851441241,0.12416851441241686,0.007760532150776054,0.015521064301552107,0.0022172949002217295,0.025498891352549888,0.0,0.012195121951219513,0.007760532150776054,0.011086474501108648,0.0033259423503325942,0.011086474501108648,0.01662971175166297,0.007760532150776054,0.015521064301552107,0.03215077605321508,0.011086474501108648,0.0066518847006651885,0.018847006651884702,0.0022172949002217295,0.004434589800443459,0.0011086474501108647,0.0011086474501108647,0.009977827050997782,0.005543237250554324,0.0011086474501108647,0.008869179600886918,0.009977827050997782,0.0033259423503325942,0.0011086474501108647,0.0,0.0,0.004434589800443459,0.0033259423503325942,0.0011086474501108647,0.01662971175166297,0.0011086474501108647,0.0033259423503325942,0.12305986696230599,0.0011086474501108647,0.0011086474501108647,0.0,0.0,0.018847006651884702,0.004434589800443459,0.0033259423503325942,0.005543237250554324,0.008869179600886918,0.0011086474501108647,0.02993348115299335,0.0011086474501108647,0.0011086474501108647,0.0,0.0,0.0011086474501108647,72212.0,32.4
Oklahoma,0.025,0.0,0.025,0.05,0.025,0.0,0.0,0.0,0.025,0.0,0.025,0.0,0.025,0.0,0.0,0.0,0.0,0.025,0.0,0.025,0.025,0.025,0.05,0.025,0.025,0.025,0.0,0.0,0.0,0.0,0.05,0.05,0.075,0.025,0.0,0.05,0.0,0.05,0.025,0.05,0.0,0.0,0.025,0.0,0.0,0.0,0.0,0.025,0.0,0.0,0.0,0.0,0.0,0.0,0.025,0.0,0.0,0.0,0.025,0.0,0.0,0.0,0.0,0.0,0.075,0.025,0.0,0.0,0.0,0.0,0.0,0.0,0.0,0.0,0.0,0.0,66148.0,29.3
Oregon,0.014619883040935672,0.0029239766081871343,0.10818713450292397,0.023391812865497075,0.21052631578947367,0.0029239766081871343,0.014619883040935672,0.0029239766081871343,0.014619883040935672,0.0029239766081871343,0.0029239766081871343,0.0,0.03508771929824561,0.0029239766081871343,0.011695906432748537,0.005847953216374269,0.011695906432748537,0.008771929824561403,0.0,0.0029239766081871343,0.05847953216374269,0.014619883040935672,0.017543859649122806,0.011695906432748537,0.02631578947368421,0.06725146198830409,0.0,0.0,0.005847953216374269,0.0029239766081871343,0.017543859649122806,0.014619883040935672,0.029239766081871343,0.03508771929824561,0.011695906432748537,0.02631578947368421,0.0029239766081871343,0.008771929824561403,0.005847953216374269,0.02631578947368421,0.0,0.0,0.0,0.0,0.0,0.005847953216374269,0.0029239766081871343,0.0029239766081871343,0.0,0.005847953216374269,0.0029239766081871343,0.023391812865497075,0.0,0.011695906432748537,0.0,0.0,0.005847953216374269,0.0029239766081871343,0.0,0.0,0.008771929824561403,0.0029239766081871343,0.0029239766081871343,0.0,0.02046783625730994,0.005847953216374269,0.0,0.0,0.0029239766081871343,0.0029239766081871343,0.0029239766081871343,0.0,0.005847953216374269,0.0,0.017543859649122806,0.0,85220.0,37.8
Pennsylvania,0.7049976862563628,0.004396112910689496,0.006247107820453493,0.006941230911614993,0.003007866728366497,0.00046274872744099955,0.00925497454881999,0.002776492364645997,0.007866728366496992,0.0006941230911614993,0.048588616381304954,0.00046274872744099955,0.0071726052753354926,0.003007866728366497,0.012494215640906987,0.0071726052753354926,0.0,0.0041647385469689956,0.0009254974548819991,0.0023137436372049976,0.002776492364645997,0.0011568718186024988,0.0016196205460434984,0.005784359093012495,0.0025451180009254974,0.0009254974548819991,0.003007866728366497,0.0,0.0009254974548819991,0.0009254974548819991,0.0025451180009254974,0.0041647385469689956,0.004627487274409995,0.005321610365571495,0.005784359093012495,0.002776492364645997,0.00046274872744099955,0.0025451180009254974,0.0009254974548819991,0.006709856547894493,0.007866728366496992,0.0018509949097639982,0.00046274872744099955,0.04627487274409996,0.00023137436372049977,0.003007866728366497,0.0006941230911614993,0.0013882461823229986,0.0009254974548819991,0.00994909763998149,0.00046274872744099955,0.00023137436372049977,0.0,0.002776492364645997,0.023600185099490977,0.0,0.00046274872744099955,0.0025451180009254974,0.0016196205460434984,0.0,0.0,0.00046274872744099955,0.0,0.00023137436372049977,0.00046274872744099955,0.0025451180009254974,0.0,0.0006941230911614993,0.0023137436372049976,0.00023137436372049977,0.0,0.00023137436372049977,0.0,0.0,0.0,0.0,77545.0,36.4
South Carolina,0.007894736842105263,0.005263157894736842,0.04736842105263158,0.15526315789473685,0.002631578947368421,0.005263157894736842,0.11578947368421053,0.005263157894736842,0.010526315789473684,0.005263157894736842,0.07368421052631578,0.005263157894736842,0.11842105263157894,0.010526315789473684,0.02368421052631579,0.039473684210526314,0.02368421052631579,0.010526315789473684,0.007894736842105263,0.02631578947368421,0.015789473684210527,0.018421052631578946,0.03684210526315789,0.002631578947368421,0.002631578947368421,0.0,0.0,0.0,0.018421052631578946,0.013157894736842105,0.002631578947368421,0.005263157894736842,0.0,0.015789473684210527,0.005263157894736842,0.0,0.005263157894736842,0.013157894736842105,0.02894736842105263,0.015789473684210527,0.013157894736842105,0.0,0.0,0.0,0.002631578947368421,0.013157894736842105,0.0,0.002631578947368421,0.013157894736842105,0.002631578947368421,0.0,0.0,0.002631578947368421,0.002631578947368421,0.0,0.0,0.015789473684210527,0.0,0.013157894736842105,0.0,0.0,0.0,0.0,0.0,0.002631578947368421,0.002631578947368421,0.0,0.002631578947368421,0.002631578947368421,0.002631578947368421,0.005263157894736842,0.0,0.0,0.0,0.0,0.0,72350.0,33.3
Tennessee,0.0223463687150838,0.00558659217877095,0.027932960893854747,0.09497206703910614,0.0,0.00558659217877095,0.05027932960893855,0.0,0.01675977653631285,0.0,0.09497206703910614,0.0446927374301676,0.07262569832402235,0.00558659217877095,0.05027932960893855,0.0,0.0223463687150838,0.0111731843575419,0.01675977653631285,0.0223463687150838,0.0111731843575419,0.0223463687150838,0.0335195530726257,0.0223463687150838,0.0,0.0,0.00558659217877095,0.0,0.0,0.0,0.0111731843575419,0.00558659217877095,0.0335195530726257,0.027932960893854747,0.09497206703910614,0.01675977653631285,0.0,0.00558659217877095,0.027932960893854747,0.0111731843575419,0.0,0.00558659217877095,0.0,0.0,0.0,0.0223463687150838,0.0,0.0,0.0,0.00558659217877095,0.0335195530726257,0.0,0.0,0.0,0.0,0.0,0.0,0.0,0.0,0.0,0.0,0.0,0.0,0.0,0.0223463687150838,0.0,0.00558659217877095,0.0,0.00558659217877095,0.00558659217877095,0.0,0.0,0.0,0.0,0.0,0.0,71997.0,32.4
Texas,0.009572072072072071,0.002815315315315315,0.019144144144144143,0.02364864864864865,0.019707207207207207,0.0011261261261261261,0.1097972972972973,0.0016891891891891893,0.05574324324324324,0.0022522522522522522,0.1204954954954955,0.0022522522522522522,0.010698198198198198,0.0045045045045045045,0.02927927927927928,0.009009009009009009,0.03209459459459459,0.009572072072072071,0.0011261261261261261,0.04222972972972973,0.015202702702702704,0.009572072072072071,0.015765765765765764,0.038288288288288286,0.026463963963963964,0.002815315315315315,0.003941441441441441,0.0005630630630630631,0.028716216216216218,0.0022522522522522522,0.015765765765765764,0.013513513513513514,0.016891891891891893,0.021396396396396396,0.016891891891891893,0.014076576576576577,0.0016891891891891893,0.009009009009009009,0.00563063063063063,0.01632882882882883,0.009009009009009009,0.0016891891891891893,0.002815315315315315,0.0,0.0990990990990991,0.00731981981981982,0.0022522522522522522,0.00563063063063063,0.020833333333333332,0.002815315315315315,0.0022522522522522522,0.0005630630630630631,0.0,0.005067567567567568,0.011824324324324325,0.0,0.00563063063063063,0.0011261261261261261,0.008445945945945946,0.0,0.0005630630630630631,0.0005630630630630631,0.0022522522522522522,0.0005630630630630631,0.00563063063063063,0.0011261261261261261,0.0005630630630630631,0.005067567567567568,0.0033783783783783786,0.009009009009009009,0.0005630630630630631,0.0005630630630630631,0.0,0.0,0.0022522522522522522,0.0,79721.0,35.2
Utah,0.006993006993006993,0.0,0.02097902097902098,0.04895104895104895,0.15384615384615385,0.006993006993006993,0.055944055944055944,0.006993006993006993,0.03496503496503497,0.0,0.0,0.0,0.0,0.0,0.03496503496503497,0.0,0.013986013986013986,0.006993006993006993,0.006993006993006993,0.027972027972027972,0.03496503496503497,0.013986013986013986,0.006993006993006993,0.02097902097902098,0.013986013986013986,0.04195804195804196,0.0,0.0,0.0,0.0,0.03496503496503497,0.013986013986013986,0.027972027972027972,0.006993006993006993,0.006993006993006993,0.03496503496503497,0.0,0.055944055944055944,0.02097902097902098,0.013986013986013986,0.027972027972027972,0.0,0.0,0.0,0.0,0.0,0.0,0.0,0.02097902097902098,0.013986013986013986,0.013986013986013986,0.027972027972027972,0.0,0.013986013986013986,0.0,0.0,0.006993006993006993,0.0,0.02097902097902098,0.0,0.013986013986013986,0.0,0.0,0.0,0.013986013986013986,0.0,0.0,0.0,0.013986013986013986,0.006993006993006993,0.006993006993006993,0.0,0.02097902097902098,0.0,0.0,0.0,96658.0,39.1
Virginia,0.001567398119122257,0.003918495297805642,0.039968652037617555,0.2774294670846395,0.029780564263322883,0.011755485893416929,0.02115987460815047,0.003918495297805642,0.10893416927899686,0.008620689655172414,0.025078369905956112,0.001567398119122257,0.023510971786833857,0.008620689655172414,0.0219435736677116,0.001567398119122257,0.0109717868338558,0.028996865203761754,0.0007836990595611285,0.0219435736677116,0.012539184952978056,0.016457680250783698,0.02037617554858934,0.018808777429467086,0.024294670846394983,0.007053291536050157,0.0023510971786833857,0.004702194357366771,0.003918495297805642,0.006269592476489028,0.014106583072100314,0.009404388714733543,0.009404388714733543,0.018025078369905956,0.016457680250783698,0.01018808777429467,0.003134796238244514,0.0023510971786833857,0.006269592476489028,0.006269592476489028,0.004702194357366771,0.029780564263322883,0.006269592476489028,0.001567398119122257,0.0023510971786833857,0.0054858934169279,0.0,0.0023510971786833857,0.0023510971786833857,0.007836990595611285,0.02037617554858934,0.004702194357366771,0.0,0.003134796238244514,0.003134796238244514,0.0,0.007053291536050157,0.0007836990595611285,0.006269592476489028,0.0,0.004702194357366771,0.0,0.0023510971786833857,0.0007836990595611285,0.0023510971786833857,0.003918495297805642,0.0,0.003918495297805642,0.003918495297805642,0.0007836990595611285,0.0,0.003134796238244514,0.0007836990595611285,0.0,0.0,0.0007836990595611285,92090.0,43.3
Washington,0.010294117647058823,0.0014705882352941176,0.057352941176470586,0.016176470588235296,0.20294117647058824,0.004411764705882353,0.03529411764705882,0.0029411764705882353,0.045588235294117645,0.0029411764705882353,0.0014705882352941176,0.0,0.025,0.06470588235294118,0.007352941176470588,0.0058823529411764705,0.023529411764705882,0.004411764705882353,0.0,0.041176470588235294,0.010294117647058823,0.016176470588235296,0.007352941176470588,0.052941176470588235,0.013235294117647059,0.047058823529411764,0.011764705882352941,0.0,0.0029411764705882353,0.0,0.025,0.016176470588235296,0.020588235294117647,0.011764705882352941,0.007352941176470588,0.01764705882352941,0.0029411764705882353,0.011764705882352941,0.008823529411764706,0.0058823529411764705,0.007352941176470588,0.004411764705882353,0.007352941176470588,0.0,0.0,0.026470588235294117,0.0,0.0058823529411764705,0.0014705882352941176,0.004411764705882353,0.0,0.013235294117647059,0.0,0.0058823529411764705,0.0014705882352941176,0.0,0.004411764705882353,0.0,0.008823529411764706,0.0014705882352941176,0.026470588235294117,0.0,0.0029411764705882353,0.0,0.0058823529411764705,0.0,0.0,0.0014705882352941176,0.0029411764705882353,0.0,0.0,0.0,0.011764705882352941,0.0,0.013235294117647059,0.0,99389.0,41.0
Wisconsin,0.012844036697247707,0.0,0.03486238532110092,0.012844036697247707,0.001834862385321101,0.001834862385321101,0.060550458715596334,0.005504587155963303,0.014678899082568808,0.001834862385321101,0.01834862385321101,0.003669724770642202,0.001834862385321101,0.009174311926605505,0.012844036697247707,0.044036697247706424,0.003669724770642202,0.012844036697247707,0.003669724770642202,0.027522935779816515,0.3339449541284404,0.007339449541284404,0.003669724770642202,0.001834862385321101,0.007339449541284404,0.0,0.0,0.0,0.001834862385321101,0.001834862385321101,0.003669724770642202,0.029357798165137616,0.012844036697247707,0.02018348623853211,0.001834862385321101,0.003669724770642202,0.13577981651376148,0.007339449541284404,0.007339449541284404,0.001834862385321101,0.007339449541284404,0.007339449541284404,0.0,0.0,0.0,0.014678899082568808,0.005504587155963303,0.001834862385321101,0.005504587155963303,0.022018348623853212,0.001834862385321101,0.0,0.0,0.001834862385321101,0.0,0.0,0.001834862385321101,0.0,0.003669724770642202,0.0,0.0,0.0,0.0,0.0,0.0,0.0,0.0,0.047706422018348627,0.011009174311926606,0.0,0.0,0.001834862385321101,0.0,0.0,0.0,0.0,77488.0,34.6
